username;password;role
Bondowoso;cintaroro;bandung_bondowoso
Roro;gasukabondo;roro_jonggrang
waduh01;12345;jin_pembangun
waduh02;12345;jin_pembangun
waduh03;12345;jin_pembangun
waduh04;12345;jin_pembangun
waduh05;12345;jin_pembangun
waduh06;12345;jin_pembangun
waduh07;12345;jin_pembangun
waduh08;12345;jin_pembangun
waduh09;12345;jin_pembangun
waduh10;12345;jin_pembangun
waduh11;12345;jin_pembangun
waduh12;12345;jin_pembangun
waduh13;12345;jin_pembangun
waduh14;12345;jin_pembangun
waduh15;12345;jin_pembangun
waduh16;12345;jin_pembangun
waduh17;12345;jin_pembangun
waduh18;12345;jin_pembangun
waduh19;12345;jin_pembangun
waduh20;12345;jin_pembangun
waduh21;12345;jin_pembangun
waduh22;12345;jin_pembangun
waduh23;12345;jin_pembangun
waduh24;12345;jin_pembangun
waduh25;12345;jin_pembangun
waduh26;12345;jin_pembangun
waduh27;12345;jin_pembangun
waduh28;12345;jin_pembangun
waduh29;12345;jin_pembangun
waduh30;12345;jin_pembangun
waduh31;12345;jin_pembangun
waduh32;12345;jin_pembangun
waduh33;12345;jin_pembangun
waduh34;12345;jin_pembangun
waduh35;12345;jin_pembangun
waduh36;12345;jin_pembangun
waduh37;12345;jin_pembangun
waduh38;12345;jin_pembangun
waduh39;12345;jin_pembangun
waduh40;12345;jin_pembangun
waduh41;12345;jin_pembangun
waduh42;12345;jin_pembangun
waduh43;12345;jin_pembangun
waduh44;12345;jin_pembangun
waduh45;12345;jin_pembangun
waduh46;12345;jin_pembangun
waduh47;12345;jin_pembangun
waduh48;12345;jin_pembangun
waduh49;12345;jin_pembangun
waduh50;12345;jin_pembangun
waduh51;12345;jin_pembangun
waduh52;12345;jin_pembangun
waduh53;12345;jin_pembangun
waduh54;12345;jin_pembangun
waduh55;12345;jin_pembangun
waduh56;12345;jin_pembangun
waduh57;12345;jin_pembangun
waduh58;12345;jin_pembangun
waduh59;12345;jin_pembangun
waduh60;12345;jin_pembangun
waduh61;12345;jin_pembangun
waduh62;12345;jin_pembangun
waduh63;12345;jin_pembangun
waduh64;12345;jin_pembangun
waduh65;12345;jin_pembangun
waduh66;12345;jin_pembangun
waduh67;12345;jin_pembangun
waduh68;12345;jin_pembangun
waduh69;12345;jin_pembangun
waduh70;12345;jin_pembangun
waduh71;12345;jin_pembangun
waduh72;12345;jin_pembangun
waduh73;12345;jin_pembangun
waduh74;12345;jin_pembangun
waduh75;12345;jin_pembangun
waduh76;12345;jin_pembangun
waduh77;12345;jin_pembangun
waduh78;12345;jin_pembangun
waduh79;12345;jin_pembangun
waduh80;12345;jin_pembangun
waduh81;12345;jin_pembangun
waduh82;12345;jin_pembangun
waduh83;12345;jin_pembangun
waduh84;12345;jin_pembangun
waduh85;12345;jin_pembangun
waduh86;12345;jin_pembangun
waduh87;12345;jin_pembangun
waduh88;12345;jin_pembangun
waduh89;12345;jin_pembangun
waduh90;12345;jin_pembangun
waduh91;12345;jin_pembangun
waduh92;12345;jin_pembangun
waduh93;12345;jin_pembangun
waduh94;12345;jin_pembangun
waduh95;12345;jin_pembangun
waduh96;12345;jin_pembangun
waduh97;12345;jin_pembangun
waduh98;12345;jin_pembangun
waduh99;12345;jin_pembangun
waduh100;12345;jin_pembangun
